{
  "$schema": "http://json-schema.org/draft-04/schema#",
  "title": "StructuralAssembly",
  "definitions": {
    "SpeckleLine": {
      "allOf": [
        {
          "$ref": "#/definitions/SpeckleObject"
        },
        {
          "type": "object",
          "additionalProperties": false,
          "properties": {
            "type": {
              "type": [
                "null",
                "string"
              ]
            },
            "value": {
              "type": [
                "array",
                "null"
              ],
              "items": {
                "type": "number",
                "format": "double"
              }
            },
            "domain": {
              "oneOf": [
                {
                  "type": "null"
                },
                {
                  "$ref": "#/definitions/SpeckleInterval"
                }
              ]
            }
          }
        }
      ]
    },
    "SpeckleInterval": {
      "allOf": [
        {
          "$ref": "#/definitions/SpeckleObject"
        },
        {
          "type": "object",
          "additionalProperties": false,
          "properties": {
            "type": {
              "type": [
                "null",
                "string"
              ]
            },
            "start": {
              "type": [
                "null",
                "number"
              ],
              "format": "double"
            },
            "end": {
              "type": [
                "null",
                "number"
              ],
              "format": "double"
            }
          }
        }
      ]
    },
    "SpeckleObject": {
      "allOf": [
        {
          "$ref": "#/definitions/ResourceBase"
        },
        {
          "type": "object",
          "additionalProperties": false,
          "properties": {
            "type": {
              "type": [
                "null",
                "string"
              ]
            },
            "hash": {
              "type": [
                "null",
                "string"
              ],
              "description": "Object's unique hash."
            },
            "transform": {
              "type": [
                "array",
                "null"
              ],
              "description": "Object's transform.",
              "items": {
                "type": "number",
                "format": "double"
              }
            },
            "geometryHash": {
              "type": [
                "null",
                "string"
              ],
              "description": "Object's geometry hash"
            },
            "applicationId": {
              "type": [
                "null",
                "string"
              ],
              "description": "The id/guid that the origin application identifies this object by."
            },
            "name": {
              "type": [
                "null",
                "string"
              ],
              "description": "The name of this object in the origin application GUI."
            },
            "properties": {
              "type": [
                "null",
                "object"
              ],
              "description": "The extra properties field of a speckle object.",
              "additionalProperties": {}
            },
            "parent": {
              "type": [
                "null",
                "string"
              ],
              "description": "If this object is a child, the parent's objectid."
            },
            "children": {
              "type": [
                "array",
                "null"
              ],
              "description": "An array of the ids of any children of this object.",
              "items": {
                "type": "string"
              }
            },
            "ancestors": {
              "type": [
                "array",
                "null"
              ],
              "description": "If resulting from a merge, the objects that this one was born out of.",
              "items": {
                "type": "string"
              }
            }
          }
        }
      ]
    },
    "ResourceBase": {
      "type": "object",
      "description": "Base class that adds a set of simple properties related to authorisation and commenting to all applicable resources (not users).",
      "additionalProperties": false,
      "properties": {
        "_id": {
          "type": [
            "null",
            "string"
          ]
        },
        "owner": {
          "type": [
            "null",
            "string"
          ]
        },
        "private": {
          "type": [
            "boolean",
            "null"
          ]
        },
        "anonymousComments": {
          "type": [
            "boolean",
            "null"
          ]
        },
        "canRead": {
          "type": [
            "array",
            "null"
          ],
          "items": {
            "type": "string"
          }
        },
        "canWrite": {
          "type": [
            "array",
            "null"
          ],
          "items": {
            "type": "string"
          }
        },
        "comments": {
          "type": [
            "array",
            "null"
          ],
          "description": "An array of comment ids.",
          "items": {
            "type": "string"
          }
        },
        "deleted": {
          "type": [
            "boolean",
            "null"
          ],
          "description": "Controls archival status - does not actually delete anything"
        }
      }
    },
    "SpecklePoint": {
      "allOf": [
        {
          "$ref": "#/definitions/SpeckleObject"
        },
        {
          "type": "object",
          "additionalProperties": false,
          "properties": {
            "type": {
              "type": [
                "null",
                "string"
              ]
            },
            "value": {
              "type": [
                "array",
                "null"
              ],
              "items": {
                "type": "number",
                "format": "double"
              }
            }
          }
        }
      ]
    }
  },
  "allOf": [
    {
      "$ref": "#/definitions/SpeckleLine"
    },
    {
      "type": "object",
      "additionalProperties": false,
      "properties": {
        "type": {
          "type": [
            "null",
            "string"
          ]
        },
        "NumPoints": {
          "type": [
            "integer",
            "null"
          ],
          "format": "int32"
        },
        "PointDistances": {
          "type": [
            "array",
            "null"
          ],
          "items": {
            "type": "number",
            "format": "double"
          }
        },
        "BaseLine": {
          "oneOf": [
            {
              "type": "null"
            },
            {
              "$ref": "#/definitions/SpeckleLine"
            }
          ]
        },
        "OrientationPoint": {
          "oneOf": [
            {
              "type": "null"
            },
            {
              "$ref": "#/definitions/SpecklePoint"
            }
          ]
        },
        "Width": {
          "type": [
            "null",
            "number"
          ],
          "format": "double"
        },
        "ElementRefs": {
          "type": [
            "array",
            "null"
          ],
          "items": {
            "type": "string"
          }
        }
      }
    }
  ]
}