{
  "$schema": "http://json-schema.org/draft-04/schema#",
  "title": "Structural2DElementMesh",
  "definitions": {
    "SpeckleMesh": {
      "allOf": [
        {
          "$ref": "#/definitions/SpeckleObject"
        },
        {
          "type": "object",
          "additionalProperties": false,
          "properties": {
            "type": {
              "type": [
                "null",
                "string"
              ]
            },
            "vertices": {
              "type": [
                "array",
                "null"
              ],
              "items": {
                "type": "number",
                "format": "double"
              }
            },
            "faces": {
              "type": [
                "array",
                "null"
              ],
              "items": {
                "type": "integer",
                "format": "int32"
              }
            },
            "colors": {
              "type": [
                "array",
                "null"
              ],
              "items": {
                "type": "integer",
                "format": "int32"
              }
            },
            "textureCoordinates": {
              "type": [
                "array",
                "null"
              ],
              "items": {
                "type": "number",
                "format": "double"
              }
            }
          }
        }
      ]
    },
    "SpeckleObject": {
      "allOf": [
        {
          "$ref": "#/definitions/ResourceBase"
        },
        {
          "type": "object",
          "additionalProperties": false,
          "properties": {
            "type": {
              "type": [
                "null",
                "string"
              ]
            },
            "hash": {
              "type": [
                "null",
                "string"
              ],
              "description": "Object's unique hash."
            },
            "transform": {
              "type": [
                "array",
                "null"
              ],
              "description": "Object's transform.",
              "items": {
                "type": "number",
                "format": "double"
              }
            },
            "geometryHash": {
              "type": [
                "null",
                "string"
              ],
              "description": "Object's geometry hash"
            },
            "applicationId": {
              "type": [
                "null",
                "string"
              ],
              "description": "The id/guid that the origin application identifies this object by."
            },
            "name": {
              "type": [
                "null",
                "string"
              ],
              "description": "The name of this object in the origin application GUI."
            },
            "properties": {
              "type": [
                "null",
                "object"
              ],
              "description": "The extra properties field of a speckle object.",
              "additionalProperties": {}
            },
            "parent": {
              "type": [
                "null",
                "string"
              ],
              "description": "If this object is a child, the parent's objectid."
            },
            "children": {
              "type": [
                "array",
                "null"
              ],
              "description": "An array of the ids of any children of this object.",
              "items": {
                "type": "string"
              }
            },
            "ancestors": {
              "type": [
                "array",
                "null"
              ],
              "description": "If resulting from a merge, the objects that this one was born out of.",
              "items": {
                "type": "string"
              }
            }
          }
        }
      ]
    },
    "ResourceBase": {
      "type": "object",
      "description": "Base class that adds a set of simple properties related to authorisation and commenting to all applicable resources (not users).",
      "additionalProperties": false,
      "properties": {
        "_id": {
          "type": [
            "null",
            "string"
          ]
        },
        "owner": {
          "type": [
            "null",
            "string"
          ]
        },
        "private": {
          "type": [
            "boolean",
            "null"
          ]
        },
        "anonymousComments": {
          "type": [
            "boolean",
            "null"
          ]
        },
        "canRead": {
          "type": [
            "array",
            "null"
          ],
          "items": {
            "type": "string"
          }
        },
        "canWrite": {
          "type": [
            "array",
            "null"
          ],
          "items": {
            "type": "string"
          }
        },
        "comments": {
          "type": [
            "array",
            "null"
          ],
          "description": "An array of comment ids.",
          "items": {
            "type": "string"
          }
        },
        "deleted": {
          "type": [
            "boolean",
            "null"
          ],
          "description": "Controls archival status - does not actually delete anything"
        }
      }
    },
    "Structural2DElementType": {
      "type": "integer",
      "description": "",
      "x-enumNames": [
        "NotSet",
        "Generic",
        "Slab",
        "Wall"
      ],
      "enum": [
        0,
        1,
        2,
        3
      ]
    },
    "StructuralAxis": {
      "allOf": [
        {
          "$ref": "#/definitions/SpecklePlane"
        },
        {
          "type": "object",
          "additionalProperties": false,
          "properties": {
            "type": {
              "type": [
                "null",
                "string"
              ]
            },
            "basePlane": {
              "oneOf": [
                {
                  "type": "null"
                },
                {
                  "$ref": "#/definitions/SpecklePlane"
                }
              ]
            }
          }
        }
      ]
    },
    "SpecklePlane": {
      "allOf": [
        {
          "$ref": "#/definitions/SpeckleObject"
        },
        {
          "type": "object",
          "additionalProperties": false,
          "properties": {
            "type": {
              "type": [
                "null",
                "string"
              ]
            },
            "origin": {
              "oneOf": [
                {
                  "type": "null"
                },
                {
                  "$ref": "#/definitions/SpecklePoint"
                }
              ]
            },
            "normal": {
              "oneOf": [
                {
                  "type": "null"
                },
                {
                  "$ref": "#/definitions/SpeckleVector"
                }
              ]
            },
            "xdir": {
              "oneOf": [
                {
                  "type": "null"
                },
                {
                  "$ref": "#/definitions/SpeckleVector"
                }
              ]
            },
            "ydir": {
              "oneOf": [
                {
                  "type": "null"
                },
                {
                  "$ref": "#/definitions/SpeckleVector"
                }
              ]
            }
          }
        }
      ]
    },
    "SpecklePoint": {
      "allOf": [
        {
          "$ref": "#/definitions/SpeckleObject"
        },
        {
          "type": "object",
          "additionalProperties": false,
          "properties": {
            "type": {
              "type": [
                "null",
                "string"
              ]
            },
            "value": {
              "type": [
                "array",
                "null"
              ],
              "items": {
                "type": "number",
                "format": "double"
              }
            }
          }
        }
      ]
    },
    "SpeckleVector": {
      "allOf": [
        {
          "$ref": "#/definitions/SpeckleObject"
        },
        {
          "type": "object",
          "additionalProperties": false,
          "properties": {
            "type": {
              "type": [
                "null",
                "string"
              ]
            },
            "value": {
              "type": [
                "array",
                "null"
              ],
              "items": {
                "type": "number",
                "format": "double"
              }
            }
          }
        }
      ]
    }
  },
  "allOf": [
    {
      "$ref": "#/definitions/SpeckleMesh"
    },
    {
      "type": "object",
      "additionalProperties": false,
      "properties": {
        "type": {
          "type": [
            "null",
            "string"
          ]
        },
        "ElementApplicationId": {
          "type": [
            "array",
            "null"
          ],
          "items": {
            "type": "string"
          }
        },
        "baseMesh": {
          "oneOf": [
            {
              "type": "null"
            },
            {
              "$ref": "#/definitions/SpeckleMesh"
            }
          ]
        },
        "ElementType": {
          "$ref": "#/definitions/Structural2DElementType"
        },
        "PropertyRef": {
          "type": [
            "null",
            "string"
          ]
        },
        "Axis": {
          "type": [
            "array",
            "null"
          ],
          "items": {
            "$ref": "#/definitions/StructuralAxis"
          }
        },
        "Offset": {
          "type": [
            "array",
            "null"
          ],
          "items": {
            "type": "number",
            "format": "double"
          }
        },
        "GSAMeshSize": {
          "type": [
            "null",
            "number"
          ],
          "format": "double"
        },
        "GSADummy": {
          "type": [
            "boolean",
            "null"
          ]
        },
        "Result": {
          "type": [
            "null",
            "object"
          ],
          "additionalProperties": {}
        }
      }
    }
  ]
}